{
  "overall_stats": {
    "total_experiments": 4,
    "engines_tested": [
      "vllm"
    ],
    "models_tested": [
      "microsoft/DialoGPT-small"
    ]
  },
  "vllm_stats": {
    "avg_ttft": 0.01171001825014173,
    "avg_throughput": 1144.6447919615448,
    "avg_gpu_memory": 73886.5,
    "max_throughput": 1498.2906814156865,
    "min_ttft": 0.0028225850001035724
  }
}